[{"employee_name":"Charlene Gunner","job_title":"Marketing Manager","department":"Support","phone number":"281-751-0721"},
{"employee_name":"Myrtie Blowfield","job_title":"Clinical Specialist","department":"Sales","phone number":"503-666-5620"},
{"employee_name":"Denver Cheers","job_title":"Systems Administrator II","department":"Product Management","phone number":"896-447-9638"},
{"employee_name":"Selestina Matiebe","job_title":"Data Coordinator","department":"Accounting","phone number":"286-759-6839"},
{"employee_name":"Hailee McGirr","job_title":"Financial Advisor","department":"Support","phone number":"389-789-4599"},
{"employee_name":"Talya Toffel","job_title":"Design Engineer","department":"Business Development","phone number":"911-524-6145"},
{"employee_name":"Marsh Rizzello","job_title":"Civil Engineer","department":"Support","phone number":"338-412-8600"},
{"employee_name":"Rosita Priestland","job_title":"Marketing Manager","department":"Engineering","phone number":"671-422-5409"},
{"employee_name":"Nevins Roycraft","job_title":"Accountant II","department":"Product Management","phone number":"300-214-5580"},
{"employee_name":"Lewie Krahl","job_title":"Sales Associate","department":"Engineering","phone number":"459-960-8319"},
{"employee_name":"Carmelina MacNeilage","job_title":"Executive Secretary","department":"Marketing","phone number":"729-779-5847"},
{"employee_name":"Aura Featherbie","job_title":"Staff Scientist","department":"Training","phone number":"195-663-3643"},
{"employee_name":"Felicle Paddock","job_title":"Programmer Analyst II","department":"Human Resources","phone number":"438-548-3545"},
{"employee_name":"Dionysus Budd","job_title":"Database Administrator III","department":"Marketing","phone number":"378-111-9475"},
{"employee_name":"Gnni Probbin","job_title":"Editor","department":"Research and Development","phone number":"767-663-0937"},
{"employee_name":"Lorette Balcers","job_title":"Librarian","department":"Engineering","phone number":"998-498-7502"},
{"employee_name":"Quinton Brann","job_title":"Mechanical Systems Engineer","department":"Business Development","phone number":"808-666-3843"},
{"employee_name":"Thurstan Buesnel","job_title":"Account Representative I","department":"Business Development","phone number":"726-157-5994"},
{"employee_name":"Sherwood Joll","job_title":"Clinical Specialist","department":"Human Resources","phone number":"845-384-1142"},
{"employee_name":"Reynard Dun","job_title":"Human Resources Assistant II","department":"Sales","phone number":"491-696-4726"}]